2,2,5f99331ba810eea50fe6674e
2,2,5f99331ba810eea50fe66743
2,2,5f99331ba810eea50fe6674a
2,2,5f99331ca810eea50fe6675a
2,2,5f99331ca810eea50fe66768
2,2,5f99331ca810eea50fe66767
2,2,5f99331ca810eea50fe66762
2,2,5f99331ba810eea50fe66749
2,2,5f99331ba810eea50fe66742
2,2,5f99331ba810eea50fe6673f
2,2,5f99331ba810eea50fe6673b
2,2,5f99331aa810eea50fe6672d
2,2,5f99331aa810eea50fe6672f
2,2,5f99331ba810eea50fe6673a
2,2,5f99331aa810eea50fe6672a
2,2,5f99331aa810eea50fe66719
2,2,5f99331aa810eea50fe66705
2,2,5f99331aa810eea50fe6670a
2,2,5f99331aa810eea50fe66706
2,2,5f993319a810eea50fe666f4
2,2,5f993319a810eea50fe666f1
2,2,5f993319a810eea50fe666e8
2,2,5f993319a810eea50fe666de
2,2,5f993319a810eea50fe666dd
2,2,5f993319a810eea50fe666da
2,2,5f993318a810eea50fe666cb
2,2,5f993318a810eea50fe666c9
2,2,5f993318a810eea50fe666c1
2,2,5f993318a810eea50fe666b6
2,2,5f993318a810eea50fe666d8
2,2,5f993318a810eea50fe666bd
2,2,5f993318a810eea50fe666ab
2,2,5f993317a810eea50fe666a2
2,2,5f993317a810eea50fe666a7
2,2,5f99331ca810eea50fe66766
1,2,5f99331ca810eea50fe66765
1,2,5f99331ca810eea50fe6675f
1,2,5f99331ca810eea50fe66763
1,2,5f99331ca810eea50fe66755
1,2,5f99331ba810eea50fe6674c
1,2,5f99331ca810eea50fe66761
1,2,5f99331ca810eea50fe66760
1,2,5f99331ba810eea50fe6674b
1,2,5f99331ba810eea50fe66751
1,2,5f99331ba810eea50fe66752
1,2,5f99331ba810eea50fe66753
1,2,5f99331aa810eea50fe66730
1,2,5f99331ba810eea50fe66737
1,2,5f99331aa810eea50fe6672e
1,2,5f99331ba810eea50fe66735
1,2,5f99331aa810eea50fe66723
1,2,5f99331aa810eea50fe6671b
1,2,5f99331aa810eea50fe6671a
1,2,5f99331aa810eea50fe66714
1,2,5f99331aa810eea50fe6670f
3,2,5f99331aa810eea50fe6670a
3,2,5f99331aa810eea50fe66706
3,2,5f99331aa810eea50fe66705
3,2,5f99331aa810eea50fe66701
3,2,5f993319a810eea50fe666f2
3,2,5f993319a810eea50fe666ef
3,2,5f993319a810eea50fe666e5
3,2,5f993319a810eea50fe666e3
3,2,5f993318a810eea50fe666d5
3,2,5f993318a810eea50fe666d1
3,2,5f993318a810eea50fe666bd
3,2,5f993317a810eea50fe666a3
3,2,5f993317a810eea50fe6668d
3,2,5f993317a810eea50fe66687
3,2,5f993317a810eea50fe6667d
3,2,5f993317a810eea50fe66673
7,2,5f993316a810eea50fe66640
7,2,5f993316a810eea50fe66644
7,2,5f993316a810eea50fe6663d
7,2,5f993316a810eea50fe6664e
7,2,5f993316a810eea50fe6663f
7,2,5f993316a810eea50fe6663e
7,2,5f993316a810eea50fe66647
7,2,5f993316a810eea50fe66652
7,2,5f993316a810eea50fe6663d
7,2,5f993316a810eea50fe6662c
7,2,5f993316a810eea50fe6662a
7,2,5f993316a810eea50fe66629
7,2,5f993315a810eea50fe66614
7,2,5f993315a810eea50fe66602
7,2,5f993315a810eea50fe665fe
7,2,5f993315a810eea50fe665f1
7,2,5f993315a810eea50fe665ee
7,2,5f993315a810eea50fe665eb
7,2,5f993314a810eea50fe665e6
7,2,5f993314a810eea50fe665df
7,2,5f993314a810eea50fe665d9
7,2,5f993314a810eea50fe665d6
7,2,5f993314a810eea50fe665ce
7,2,5f993314a810eea50fe665c6
7,2,5f993314a810eea50fe665c5
7,2,5f993314a810eea50fe665c0
7,2,5f993313a810eea50fe665b5
7,2,5f993313a810eea50fe665b2
7,2,5f993313a810eea50fe665a9
6,2,5f993313a810eea50fe665b6
6,2,5f993312a810eea50fe6658b
6,2,5f993312a810eea50fe6658a
6,2,5f993312a810eea50fe66589
6,2,5f993312a810eea50fe66575
6,2,5f993310a810eea50fe66550
6,2,5f993310a810eea50fe6654b
6,2,5f99330fa810eea50fe6653b
6,2,5f99330fa810eea50fe6652c
6,2,5f99330fa810eea50fe66526
6,2,5f99330fa810eea50fe66527
6,2,5f99330fa810eea50fe66520
6,2,5f99330fa810eea50fe66514
6,2,5f99330fa810eea50fe66517
6,2,5f99330ea810eea50fe664ed
6,2,5f99330ea810eea50fe664f2
6,2,5f99330da810eea50fe664e5
6,2,5f99330da810eea50fe664e8
6,2,5f99330da810eea50fe664e7
6,2,5f99330da810eea50fe664e7
6,2,5f99330da810eea50fe664d9
6,2,5f99330da810eea50fe664d7
6,2,5f99330da810eea50fe664d5
6,2,5f99330da810eea50fe664c8
6,2,5f99330ca810eea50fe664ae
6,2,5f99330ca810eea50fe664b2
6,2,5f99330ca810eea50fe664a7
5,2,5f99330ca810eea50fe664a3
5,2,5f99330ca810eea50fe664a1
5,2,5f99330ca810eea50fe6649b
5,2,5f99330ca810eea50fe66499
5,2,5f99330ba810eea50fe6648a
5,2,5f99330ba810eea50fe66479
5,2,5f99330ba810eea50fe66474
5,2,5f99330ba810eea50fe66478
5,2,5f99330aa810eea50fe6645e
5,2,5f99330aa810eea50fe6643c
5,2,5f99330aa810eea50fe66438
5,2,5f99330aa810eea50fe66436
5,2,5f993309a810eea50fe66428
5,2,5f993309a810eea50fe66422
5,2,5f993309a810eea50fe66423
5,2,5f993309a810eea50fe66421
5,2,5f993309a810eea50fe66427
5,2,5f993309a810eea50fe66417
5,2,5f993308a810eea50fe663fd
5,2,5f993308a810eea50fe663f9
5,2,5f993308a810eea50fe663ea
5,2,5f993308a810eea50fe663e5
5,2,5f993308a810eea50fe663d6
5,2,5f993308a810eea50fe663d2
5,2,5f993307a810eea50fe663ce
5,2,5f993307a810eea50fe663bd
5,2,5f993307a810eea50fe663b0
5,2,5f993307a810eea50fe663af
4,2,5f993307a810eea50fe663af
4,2,5f993307a810eea50fe663aa
4,2,5f993307a810eea50fe663a9
4,2,5f993307a810eea50fe663a6
4,2,5f993306a810eea50fe66399
4,2,5f993306a810eea50fe66392
4,2,5f993306a810eea50fe66389
4,2,5f993306a810eea50fe66382
4,2,5f993305a810eea50fe66371
4,2,5f993305a810eea50fe6636d
4,2,5f993305a810eea50fe6636a
4,2,5f993305a810eea50fe66360
4,2,5f993305a810eea50fe66352
4,2,5f993305a810eea50fe66347
4,2,5f993304a810eea50fe6633a
4,2,5f993304a810eea50fe66331
4,2,5f993304a810eea50fe66329
4,2,5f993304a810eea50fe66320
4,2,5f993304a810eea50fe6631e
4,2,5f993304a810eea50fe66319
4,2,5f993304a810eea50fe66312
4,2,5f993304a810eea50fe6630a
4,2,5f993304a810eea50fe66309
4,2,5f993303a810eea50fe662ef
4,2,5f993302a810eea50fe662e8
4,2,5f993302a810eea50fe662d0
4,2,5f993302a810eea50fe662ca
4,2,5f993301a810eea50fe662bc
4,2,5f993301a810eea50fe662bf
4,2,5f993301a810eea50fe662b9
4,2,5f993301a810eea50fe662a7
4,2,5f993301a810eea50fe662a5
4,2,5f993301a810eea50fe6629f
4,2,5f993300a810eea50fe66294
4,2,5f993300a810eea50fe66289
4,2,5f993300a810eea50fe6627e
4,2,5f993300a810eea50fe66272
4,2,5f993300a810eea50fe6626a
4,2,5f9932ffa810eea50fe6625a
